Year,Nationality,New,Renewal,Issued,Refused,Withdrawn
2010,Albania,2,2,4,0,3
2010,Algeria,2,5,7,0,0
2010,Andorra,1,0,1,0,0
2010,Anguilla,1,0,1,0,0
2010,Antarctia (Aust. Ext. Territories),1,0,1,0,0
2010,Argentina,7,6,13,1,1
2010,Armenia,1,0,1,0,0
2010,Australia,59,37,96,26,6
2010,Azerbaijan,0,1,1,0,0
2010,Bahrain,4,1,5,2,0
2010,Bangladesh,25,61,86,30,7
2010,Barbados,1,0,1,0,0
2010,Belarus,18,18,36,4,1
2010,Bosnia Herzegovina,1,5,6,1,0
2010,Botswana,10,3,13,2,0
2010,Brazil,74,269,343,59,7
2010,Brazilian,0,1,1,0,0
2010,Bulgaria,69,1,70,8,2
2010,Cameroon,1,0,1,1,0
2010,Canada,69,31,100,8,4
2010,Chile,2,1,3,0,0
2010,China,135,183,318,95,5
2010,Colombia,3,3,6,0,1
2010,Congo (Democratic Republic of),0,1,1,0,0
2010,Croatia,6,21,27,2,0
2010,Cuba,0,3,3,0,0
2010,Egypt,11,16,27,5,2
2010,El Salvador,1,0,1,0,0
2010,Ethiopia,2,5,7,0,0
2010,Ghana,1,1,2,1,0
2010,Guatemala,1,0,1,0,0
2010,Hong Kong,1,9,10,4,0
2010,India,864,1133,1997,112,33
2010,Indian,0,1,1,0,0
2010,Indonesia,7,2,9,2,0
2010,Iran,3,5,8,0,0
2010,Iraq,1,2,3,0,0
2010,Israel,8,9,17,0,0
2010,Jamaica,1,0,1,0,0
2010,Japan,24,15,39,3,0
2010,Jordan,7,0,7,1,1
2010,Kazakhstan,0,1,1,0,0
2010,Kenya,2,5,7,1,0
2010,Korea (Democratic Peoples Republic of (North)),1,0,1,1,0
2010,Korea (Republic of (South)),15,10,25,1,0
2010,Kosovo,1,1,2,1,0
2010,Kuwait,6,0,6,0,0
2010,Kyrgyz Republic,1,1,2,0,1
2010,Latvia,3,2,5,0,0
2010,Latvia (Alien),0,0,0,1,0
2010,Lebanon,5,1,6,4,0
2010,Liberia,2,0,2,0,0
2010,Libya,0,0,0,1,0
2010,Macedonia (FYR),0,4,4,0,0
2010,Malawi,0,4,4,1,0
2010,Malaysia,187,85,272,41,10
2010,Maldives,1,0,1,0,0
2010,Mali,0,1,1,0,0
2010,Mauritania,1,1,2,1,0
2010,Mauritius,14,13,27,20,1
2010,Mexico,7,4,11,2,2
2010,Moldova,23,67,90,16,3
2010,Mongolia,1,2,3,0,0
2010,Morocco,11,10,21,2,0
2010,Myanmar (Formerly Burma),1,3,4,4,1
2010,Nepal,3,30,33,4,1
2010,New Zealand,30,32,62,13,2
2010,Niger,0,1,1,1,0
2010,Nigeria,20,39,59,18,1
2010,Oman,1,1,2,0,0
2010,Pakistan,65,101,166,59,5
2010,Palestine,2,0,2,1,0
2010,Peru,0,0,0,1,1
2010,Philippines,234,989,1223,109,25
2010,Qatar,1,0,1,0,0
2010,Romania,766,5,771,130,18
2010,Russian Federation,21,50,71,8,2
2010,Samoa,1,0,1,0,0
2010,Samoa(USA),0,0,0,1,0
2010,Saudi Arabia,2,1,3,0,0
2010,Serbia,7,4,11,1,0
2010,Seychelles,0,0,0,1,0
2010,Singapore,8,3,11,0,0
2010,South Africa,68,133,201,44,13
2010,Sri Lanka,7,36,43,3,0
2010,St Vincent and the Grenadines,0,0,0,1,0
2010,Sudan,3,0,3,3,0
2010,Syria,3,3,6,5,1
2010,Taiwan,2,1,3,0,0
2010,Tanzania,0,2,2,0,0
2010,Thailand,30,61,91,22,12
2010,Tonga,1,1,2,0,0
2010,Trinidad & Tobago,3,1,4,3,0
2010,Tunisia,2,4,6,2,0
2010,Turkey,38,18,56,15,4
2010,Uganda,1,1,2,2,0
2010,Ukraine,65,144,209,29,5
2010,United Arab Emirates,3,0,3,0,0
2010,United States of America,281,101,382,34,16
2010,Uruguay,2,1,3,2,0
2010,Uzbekistan,1,2,3,2,0
2010,Venezuela,3,4,7,0,0
2010,Vietnam,6,6,12,4,0
2010,Western Samoa,0,1,1,0,0
2010,Yugoslavia (Federal Republic of),0,2,2,1,0
2010,Zambia,2,2,4,1,1
2010,Zimbabwe,6,31,37,6,1
2011,Albania,0,2,2,2,0
2011,Algeria,2,3,5,0,0
2011,Argentina,6,3,9,9,1
2011,Armenia,3,0,3,1,0
2011,Australia,45,14,59,7,1
2011,Azerbaijan,0,2,2,0,0
2011,Bahrain,1,0,1,0,0
2011,Bangladesh,26,15,41,36,1
2011,Barbados,2,0,2,0,0
2011,Belarus,10,12,22,3,0
2011,Bosnia and Herzegovina,2,0,2,0,0
2011,Bosnia Herzegovina,0,1,1,0,0
2011,Botswana,7,3,10,0,0
2011,Brazil,55,107,162,71,6
2011,Brazilian,0,1,1,0,0
2011,Bulgaria,29,2,31,6,1
2011,Burkina Faso,1,0,1,0,0
2011,Cameroon,3,0,3,0,0
2011,Canada,79,11,90,10,0
2011,Chile,1,1,2,0,0
2011,China,165,88,253,110,4
2011,Chinese,0,0,0,1,0
2011,Colombia,6,1,7,0,0
2011,Congo,1,0,1,1,0
2011,Costa Rica,2,0,2,1,0
2011,Croatia,9,8,17,3,0
2011,Egypt,15,5,20,3,2
2011,El Salvador,0,1,1,0,0
2011,Ethiopia,1,2,3,0,0
2011,Fiji,0,0,0,1,0
2011,Georgia,2,0,2,0,0
2011,Ghana,2,1,3,1,0
2011,Guyana,2,0,2,0,0
2011,Honduras,1,0,1,0,0
2011,Hong Kong,0,6,6,0,0
2011,India,974,672,1646,163,72
2011,Indonesia,2,2,4,1,0
2011,Iran,1,4,5,1,0
2011,"Iran, Islamic Republic of",2,0,2,2,0
2011,Iraq,0,1,1,0,0
2011,Israel,32,7,39,2,0
2011,Jamaica,2,1,3,2,0
2011,Japan,30,6,36,2,3
2011,Jordan,7,2,9,0,0
2011,Kazakhstan,1,0,1,0,0
2011,Kenya,5,3,8,2,0
2011,Korea (Republic of (South)),0,6,6,0,0
2011,"Korea, Republic of",16,0,16,3,0
2011,Kosova,1,0,1,0,0
2011,Kuwait,9,0,9,0,0
2011,Kyrgyz Republic,0,1,1,0,0
2011,Latvia,1,0,1,1,0
2011,Lebanon,5,2,7,1,1
2011,Libya,1,0,1,1,0
2011,Libyan Arab Jamahiriya,1,0,1,0,0
2011,Macedonia (FYR),0,1,1,0,0
2011,"Macedonia, The Former Yugoslav Republic of",1,0,1,0,0
2011,Malawi,1,0,1,2,0
2011,Malaysia,155,26,181,27,3
2011,Malaysian,1,0,1,0,0
2011,Mauritania,0,0,0,4,0
2011,Mauritius,10,20,30,25,0
2011,Mexico,9,2,11,1,0
2011,Moldova,5,33,38,9,2
2011,"Moldova, Republic of",7,1,8,6,0
2011,Mongolia,2,1,3,6,0
2011,Morocco,11,3,14,5,1
2011,Myanmar,2,0,2,0,0
2011,Myanmar (Formerly Burma),2,0,2,1,0
2011,Nepal,10,13,23,5,0
2011,New Zealand,35,13,48,4,4
2011,Nigeria,28,19,47,15,2
2011,Oman,2,0,2,0,0
2011,Pakistan,63,50,113,57,11
2011,Palestine,0,0,0,1,0
2011,Paraquay,1,1,2,0,0
2011,Philippines,203,550,753,119,19
2011,Republic of Serbia,9,1,10,0,0
2011,Romania,313,14,327,118,21
2011,Russian Federation,50,17,67,7,0
2011,Saint Helena,1,0,1,0,0
2011,Samoa,1,0,1,0,0
2011,Samoa(USA),0,1,1,1,0
2011,Saudi Arabia,1,0,1,0,0
2011,Serbia,0,2,2,0,0
2011,Serbia and Montenegro,7,0,7,1,0
2011,Singapore,11,1,12,1,0
2011,South Africa,64,58,122,28,9
2011,Sri Lanka,8,9,17,4,1
2011,St Vincent and the Grenadines,1,0,1,0,0
2011,Sudan,0,1,1,0,0
2011,Syria,0,1,1,1,1
2011,Syrian Arab Republic,4,0,4,0,0
2011,Tanzania,0,1,1,0,0
2011,"Tanzania, United Republic of",2,0,2,0,0
2011,Thailand,30,27,57,19,0
2011,Tonga,1,0,1,0,0
2011,Trinidad and Tobago,2,1,3,0,0
2011,Trinidad & Tobago,1,0,1,1,0
2011,Tunisia,2,0,2,0,0
2011,Turkey,48,12,60,3,0
2011,Uganda,2,0,2,0,0
2011,Ukraine,49,51,100,41,16
2011,United Arab Emirates,1,0,1,0,0
2011,United Kingdom,1,0,1,0,0
2011,United States,2,0,2,1,0
2011,United States of America,424,69,493,29,12
2011,Venezuela,2,4,6,3,0
2011,Viet Nam,1,1,2,0,0
2011,Vietnam,0,2,2,0,0
2011,Yugoslavia (Federal Republic of),1,0,1,1,1
2011,Zambia,2,2,4,0,0
2011,Zimbabwe,8,11,19,5,3
2011,(Not Categorized),19,1,20,9,3
2012,Albania,2,0,2,1,0
2012,Algeria,1,1,2,1,0
2012,Argentina,13,2,15,4,0
2012,Armenia,2,0,2,0,0
2012,Australia,46,13,59,4,1
2012,Azerbaijan,2,0,2,0,0
2012,Bahrain,0,1,1,0,0
2012,Bangladesh,21,4,25,23,3
2012,Barbados,0,0,0,1,0
2012,Belarus,8,2,10,3,0
2012,Bolivia,1,0,1,3,0
2012,Bosnia and Herzegovina,3,1,4,0,0
2012,Bosnia Herzegovina,1,0,1,0,0
2012,Botswana,1,0,1,2,0
2012,Brazil,65,121,186,61,5
2012,Bulgaria,7,0,7,4,7
2012,Cameroon,1,0,1,0,0
2012,Canada,81,13,94,7,2
2012,China,156,61,217,105,8
2012,Colombia,5,0,5,1,0
2012,Croatia,12,4,16,3,1
2012,Dominica,1,0,1,0,0
2012,Dominican Republic,1,0,1,0,0
2012,Egypt,17,7,24,6,0
2012,El Salvador,0,1,1,0,0
2012,Estonia,0,0,0,1,0
2012,Ethiopia,2,0,2,1,0
2012,Fiji,1,0,1,1,0
2012,Georgia,1,0,1,1,0
2012,Ghana,1,0,1,0,0
2012,Haiti,1,0,1,0,0
2012,Hong Kong,3,0,3,0,0
2012,India,1082,307,1389,134,20
2012,Indian,0,1,1,0,0
2012,Indonesia,2,0,2,0,0
2012,Iran,1,1,2,0,0
2012,"Iran, Islamic Republic of",5,1,6,2,0
2012,Iraq,2,0,2,0,0
2012,Israel,35,10,45,3,0
2012,Jamaica,0,0,0,1,0
2012,Japan,36,9,45,5,1
2012,Jordan,8,1,9,3,1
2012,Kazakhstan,4,0,4,0,1
2012,Kenya,1,3,4,0,0
2012,Korea (Republic of (South)),1,5,6,0,0
2012,"Korea, Democratic People's Republic of",1,0,1,1,0
2012,"Korea, Republic of",18,0,18,2,1
2012,Kosova,0,0,0,1,0
2012,Kuwait,1,0,1,0,0
2012,Kyrgyz Republic,0,1,1,0,0
2012,Kyrgyzstan,1,0,1,0,0
2012,Latvia,0,0,0,2,0
2012,Lebanon,8,4,12,1,0
2012,Libya,1,2,3,0,0
2012,"Macedonia, The Former Yugoslav Republic of",2,0,2,0,0
2012,Malawi,2,1,3,0,0
2012,Malaysia,84,25,109,15,3
2012,Mauritania,0,0,0,5,0
2012,Mauritius,7,6,13,41,1
2012,Mexico,7,1,8,5,3
2012,Moldova,3,19,22,2,0
2012,"Moldova, Republic of",5,0,5,0,0
2012,Mongolia,0,1,1,4,0
2012,Morocco,9,1,10,4,0
2012,Myanmar,1,0,1,1,1
2012,Nepal,6,4,10,3,0
2012,New Zealand,17,11,28,4,0
2012,Nicaragua,0,0,0,1,0
2012,Niger,0,0,0,1,0
2012,Nigeria,27,5,32,7,0
2012,Oman,0,1,1,0,0
2012,Pakistan,57,14,71,45,1
2012,Palestine,1,0,1,0,0
2012,"Palestinian Territory,Occupied",1,0,1,1,0
2012,Peru,1,0,1,0,0
2012,Philippines,116,191,307,50,10
2012,Republic of Serbia,8,1,9,1,0
2012,Romania,205,5,210,112,161
2012,Russian Federation,39,15,54,11,2
2012,Samoa(USA),2,0,2,2,0
2012,Serbia,0,2,2,0,0
2012,Serbia and Montenegro,5,0,5,1,0
2012,Singapore,6,1,7,0,0
2012,South Africa,52,28,80,24,5
2012,Sri Lanka,7,5,12,5,0
2012,Sudan,2,0,2,0,0
2012,Syria,2,1,3,1,0
2012,Syrian Arab Republic,3,0,3,0,0
2012,Taiwan,2,0,2,0,0
2012,"Tanzania, United Republic of",1,0,1,0,0
2012,Thailand,15,6,21,27,2
2012,Trinidad and Tobago,7,1,8,0,0
2012,Tunisia,1,0,1,2,0
2012,Turkey,50,27,77,6,1
2012,Turkmenistan,1,0,1,0,0
2012,Uganda,2,1,3,0,0
2012,Ukraine,47,44,91,16,1
2012,United Arab Emirates,2,0,2,0,0
2012,United States,0,1,1,0,0
2012,United States of America,441,86,527,34,2
2012,Uruguay,1,1,2,0,0
2012,Venezuela,0,1,1,1,0
2012,Viet Nam,2,1,3,1,0
2012,Zambia,1,1,2,0,1
2012,Zimbabwe,5,4,9,4,1
2012,(Not Categorized),1,0,1,4,0
2013,Albania,4,1,5,0,0
2013,Algeria,2,0,2,1,0
2013,Argentina,14,1,15,3,1
2013,Armenia,3,0,3,0,0
2013,Australia,44,11,55,14,4
2013,Azerbaijan,1,1,2,0,0
2013,Bahrain,1,0,1,0,0
2013,Bangladesh,16,5,21,16,2
2013,Barbados,1,0,1,0,0
2013,Belarus,13,5,18,0,0
2013,Bolivia,0,0,0,1,0
2013,Bosnia and Herzegovina,2,1,3,0,0
2013,Botswana,1,0,1,0,0
2013,Brazil,86,29,115,57,6
2013,Brazilian,0,1,1,0,0
2013,Cameroon,1,0,1,0,0
2013,Canada,67,24,91,4,1
2013,China,160,48,208,49,6
2013,Colombia,2,1,3,1,0
2013,Costa Rica,3,0,3,0,0
2013,Croatia,7,4,11,1,0
2013,Dominican Republic,1,0,1,0,0
2013,Ecuador,1,0,1,0,0
2013,Egypt,45,3,48,6,3
2013,El Salvador,0,1,1,0,0
2013,Ethiopia,4,1,5,0,0
2013,Georgia,0,1,1,0,0
2013,Ghana,2,0,2,2,0
2013,Guatemala,1,0,1,1,0
2013,Hong Kong,3,0,3,0,0
2013,India,1157,253,1410,101,54
2013,Indonesia,5,2,7,0,0
2013,"Iran, Islamic Republic of",7,0,7,0,1
2013,Iraq,3,0,3,1,0
2013,Ireland,0,0,0,1,0
2013,Israel,28,17,45,1,0
2013,Ivory Coast,1,0,1,0,0
2013,Jamaica,1,0,1,0,0
2013,Japan,70,10,80,4,1
2013,Jordan,3,2,5,2,0
2013,Kazakhstan,5,1,6,0,0
2013,Kenya,1,0,1,0,0
2013,Korea (Republic of (South)),0,2,2,2,0
2013,"Korea, Republic of",11,0,11,3,2
2013,Kosova,0,0,0,1,0
2013,Kuwait,3,0,3,0,0
2013,Kyrgyzstan,0,0,0,0,1
2013,Latvia,1,1,2,1,0
2013,Lebanon,20,5,25,0,0
2013,Libya,0,2,2,0,0
2013,Libyan Arab Jamahiriya,0,0,0,1,0
2013,"Macedonia, The Former Yugoslav Republic of",2,0,2,1,0
2013,Malaysia,73,8,81,19,2
2013,Mauritania,2,0,2,6,0
2013,Mauritius,21,6,27,47,2
2013,Mexico,24,4,28,2,0
2013,Moldova,0,0,0,1,0
2013,"Moldova, Republic of",2,1,3,3,0
2013,Mongolia,0,1,1,0,0
2013,Morocco,12,3,15,3,1
2013,Nepal,11,1,12,4,0
2013,New Zealand,23,9,32,8,2
2013,Nicaragua,1,0,1,0,0
2013,Nigeria,21,5,26,5,1
2013,Pakistan,102,19,121,30,4
2013,Palestine,1,0,1,0,0
2013,Paraquay,0,1,1,1,0
2013,Peru,3,0,3,0,0
2013,Philippines,110,101,211,43,9
2013,Republic of Serbia,7,4,11,2,0
2013,Russian Federation,71,28,99,6,3
2013,Samoa,0,0,0,3,0
2013,Samoa(USA),0,0,0,1,0
2013,Saudi Arabia,3,1,4,0,0
2013,Serbia,1,1,2,0,0
2013,Serbia and Montenegro,0,1,1,0,0
2013,Singapore,9,0,9,2,0
2013,South Africa,50,29,79,13,3
2013,Sri Lanka,7,2,9,2,0
2013,Sudan,9,0,9,4,0
2013,Syria,1,0,1,0,0
2013,Syrian Arab Republic,4,6,10,0,0
2013,Taiwan,4,0,4,0,0
2013,"Tanzania, United Republic of",1,0,1,0,0
2013,Thailand,24,14,38,5,0
2013,Trinidad and Tobago,1,0,1,0,0
2013,Tunisia,3,0,3,0,0
2013,Turkey,54,15,69,9,4
2013,Turkmenistan,1,1,2,0,0
2013,Uganda,2,0,2,1,0
2013,Ukraine,57,27,84,17,1
2013,United Arab Emirates,2,1,3,0,0
2013,United Kingdom,1,0,1,0,0
2013,United States of America,481,102,583,23,7
2013,Uruguay,1,0,1,0,0
2013,Uzbekistan,2,0,2,1,0
2013,Venezuela,13,0,13,1,1
2013,Viet Nam,5,0,5,0,0
2013,Vietnam,3,0,3,1,0
2013,Zambia,1,1,2,0,0
2013,Zimbabwe,7,4,11,3,0
2014,Afghanistan,1,0,1,0,0
2014,Albania,3,1,4,0,0
2014,Algeria,1,0,1,0,0
2014,Angola,1,0,1,0,0
2014,Argentina,24,2,26,3,0
2014,Armenia,4,0,4,0,1
2014,Australia,67,13,80,5,2
2014,Azerbaijan,0,2,2,0,0
2014,Bahrain,4,0,4,0,1
2014,Bangladesh,39,3,42,10,5
2014,Belarus,7,3,10,0,0
2014,Benin,1,0,1,0,0
2014,Bolivia,1,0,1,1,0
2014,Bosnia and Herzegovina,5,0,5,0,0
2014,Botswana,7,0,7,1,0
2014,Brazil,143,24,167,34,4
2014,Cameroon,1,1,2,0,0
2014,Canada,102,18,120,9,4
2014,Chile,3,0,3,0,0
2014,China,221,32,253,38,5
2014,Colombia,7,0,7,0,0
2014,Costa Rica,7,0,7,0,0
2014,Cuba,1,0,1,0,0
2014,Dominican Republic,2,0,2,0,0
2014,Egypt,74,2,76,7,1
2014,Eritrea,1,0,1,0,0
2014,Ethiopia,1,0,1,0,0
2014,Georgia,2,0,2,0,0
2014,Ghana,2,0,2,0,0
2014,Hong Kong,2,0,2,0,0
2014,India,1506,151,1657,65,43
2014,Indonesia,7,0,7,0,0
2014,"Iran, Islamic Republic of",10,1,11,3,1
2014,Iraq,21,2,23,1,1
2014,Israel,264,12,276,6,8
2014,Japan,83,13,96,6,1
2014,Jordan,14,1,15,1,0
2014,Kazakhstan,6,1,7,0,0
2014,Kenya,8,0,8,0,0
2014,Korea (Republic of (South)),2,2,4,0,0
2014,"Korea, Republic of",24,4,28,5,2
2014,Kosova,0,0,0,1,0
2014,Kuwait,3,0,3,0,0
2014,Kyrgyzstan,1,0,1,0,1
2014,Latvia,0,0,0,1,0
2014,Lebanon,23,5,28,1,0
2014,Liberia,0,0,0,1,0
2014,Libya,2,1,3,1,0
2014,"Macedonia, The Former Yugoslav Republic of",1,0,1,0,0
2014,Malaysia,165,12,177,39,9
2014,Mauritania,0,1,1,0,1
2014,Mauritius,53,11,64,23,3
2014,Mexico,26,1,27,1,1
2014,Moldova,0,0,0,0,1
2014,"Moldova, Republic of",2,2,4,1,0
2014,Monaco,1,0,1,0,0
2014,Morocco,11,1,12,1,0
2014,Myanmar,3,0,3,0,0
2014,Nepal,9,2,11,4,0
2014,New Zealand,37,5,42,6,0
2014,Nicaragua,2,0,2,0,0
2014,Niger,1,0,1,0,0
2014,Nigeria,76,13,89,6,4
2014,Oman,3,0,3,0,0
2014,Pakistan,443,64,507,41,17
2014,Palestine,4,0,4,0,0
2014,"Palestinian Territory,Occupied",0,1,1,0,0
2014,Paraguay,1,1,2,0,0
2014,Peru,3,0,3,0,0
2014,Philippines,88,34,122,23,2
2014,Qatar,1,0,1,0,0
2014,Republic of Serbia,12,0,12,2,0
2014,Romania,1,0,1,0,0
2014,Russian Federation,99,12,111,4,2
2014,Saint Kitts and Nevis,2,0,2,1,0
2014,Saudi Arabia,3,1,4,0,0
2014,Serbia and Montenegro,3,2,5,0,0
2014,Seychelles,1,0,1,0,0
2014,Singapore,7,0,7,4,0
2014,Somalia,1,0,1,0,0
2014,South Africa,71,19,90,34,0
2014,Sri Lanka,34,6,40,8,2
2014,Sudan,122,3,125,12,1
2014,Swaziland,1,0,1,0,0
2014,Syrian Arab Republic,13,4,17,2,1
2014,Taiwan,7,0,7,2,0
2014,"Tanzania, United Republic of",3,0,3,1,0
2014,Thailand,13,5,18,8,0
2014,Trinidad and Tobago,14,1,15,1,1
2014,Trinidad & Tobago,0,0,0,0,1
2014,Tunisia,3,1,4,0,0
2014,Turkey,88,28,116,9,1
2014,Uganda,1,0,1,0,0
2014,Ukraine,70,21,91,6,2
2014,United Arab Emirates,7,0,7,0,0
2014,United Kingdom,1,0,1,0,0
2014,United States of America,597,88,685,54,15
2014,Uruguay,1,0,1,0,0
2014,Uzbekistan,1,0,1,0,0
2014,Venezuela,37,0,37,4,0
2014,Vietnam,5,0,5,2,0
2014,Zambia,0,0,0,2,0
2014,Zimbabwe,5,1,6,2,0
2015,Afghanistan,1,0,1,0,0
2015,Albania,6,1,7,3,0
2015,Algeria,3,0,3,0,0
2015,Andorra,2,0,2,0,0
2015,Angola,1,1,2,0,0
2015,Argentina,37,7,44,5,1
2015,Armenia,4,0,4,0,0
2015,Australia,73,13,86,17,6
2015,Azerbaijan,4,0,4,0,1
2015,Bahrain,4,1,5,1,0
2015,Bangladesh,18,4,22,9,2
2015,Belarus,12,1,13,0,1
2015,Bolivia,3,0,3,0,0
2015,Bosnia and Herzegovina,5,2,7,2,0
2015,Botswana,7,4,11,0,0
2015,Brazil,287,22,309,71,13
2015,Cameroon,1,1,2,0,0
2015,Canada,119,43,162,12,2
2015,Chile,6,0,6,5,0
2015,China,208,32,240,72,4
2015,Colombia,6,1,7,1,1
2015,Congo,0,0,0,0,1
2015,"Congo, The Democratic Republic of the",0,1,1,0,0
2015,Costa Rica,0,1,1,0,0
2015,Cuba,1,0,1,0,0
2015,Dominican Republic,3,0,3,0,0
2015,Ecuador,3,0,3,0,0
2015,Egypt,142,19,161,15,3
2015,Eritrea,1,0,1,0,0
2015,Ethiopia,2,0,2,1,0
2015,Georgia,2,0,2,1,0
2015,Ghana,8,0,8,2,0
2015,Guatemala,2,1,3,0,0
2015,Guyana,1,0,1,0,0
2015,Honduras,1,0,1,0,0
2015,Hong Kong,0,0,0,1,0
2015,India,1847,265,2112,159,31
2015,Indonesia,6,0,6,2,0
2015,"Iran, Islamic Republic of",14,1,15,2,2
2015,Iraq,18,11,29,3,1
2015,Israel,213,15,228,0,9
2015,Jamaica,2,0,2,1,0
2015,Japan,81,26,107,9,2
2015,Jordan,27,4,31,3,0
2015,Kazakhstan,6,2,8,0,0
2015,Kenya,8,0,8,0,1
2015,Korea (Republic of (South)),1,0,1,0,0
2015,"Korea, Republic of",26,1,27,7,1
2015,Kosova,0,0,0,1,0
2015,Kosovo,1,0,1,0,0
2015,Kuwait,6,0,6,0,0
2015,Latvia,0,1,1,0,0
2015,Lebanon,24,12,36,2,0
2015,Libya,4,1,5,0,0
2015,Libyan Arab Jamahiriya,1,0,1,0,0
2015,"Macedonia, The Former Yugoslav Republic of",4,1,5,7,0
2015,Malawi,2,0,2,0,0
2015,Malaysia,162,41,203,49,9
2015,Mauritania,1,0,1,1,0
2015,Mauritius,38,27,65,38,0
2015,Mexico,16,2,18,10,1
2015,"Moldova, Republic of",1,0,1,2,0
2015,Mongolia,1,0,1,0,0
2015,Morocco,7,1,8,0,0
2015,Myanmar,1,0,1,0,0
2015,Nepal,9,1,10,7,0
2015,New Zealand,34,6,40,12,2
2015,Nicaragua,0,0,0,1,0
2015,Nigeria,96,45,141,9,3
2015,Oman,2,0,2,0,0
2015,Pakistan,724,228,952,51,19
2015,Palestine,3,1,4,2,0
2015,Panama,1,0,1,0,0
2015,Papua New Guinea,1,0,1,0,0
2015,Paraguay,0,0,0,1,0
2015,Peru,5,1,6,1,0
2015,Philippines,121,24,145,27,3
2015,Republic of Serbia,6,2,8,0,0
2015,Russian Federation,178,37,215,8,6
2015,Rwanda,1,0,1,0,0
2015,Saint Kitts and Nevis,2,0,2,0,0
2015,Saudi Arabia,2,1,3,2,0
2015,Senegal,0,0,0,1,0
2015,Serbia,13,0,13,1,0
2015,Serbia and Montenegro,5,1,6,1,0
2015,Singapore,20,3,23,0,0
2015,Somalia,0,2,2,0,0
2015,South Africa,102,24,126,25,6
2015,Sri Lanka,34,23,57,3,1
2015,Sudan,204,64,268,16,6
2015,Syrian Arab Republic,16,4,20,0,1
2015,Taiwan,3,0,3,0,0
2015,"Tanzania, United Republic of",1,1,2,0,0
2015,Thailand,11,7,18,8,0
2015,Trinidad and Tobago,12,1,13,0,1
2015,Tunisia,7,0,7,0,0
2015,Turkey,139,19,158,10,12
2015,Turkmenistan,1,0,1,0,0
2015,Uganda,2,2,4,0,0
2015,Ukraine,126,14,140,11,2
2015,United Arab Emirates,7,0,7,1,0
2015,United Kingdom,0,0,0,1,0
2015,United States Minor Outlying Islands,1,0,1,0,0
2015,United States of America,618,96,714,60,11
2015,Uzbekistan,4,1,5,0,0
2015,Venezuela,52,3,55,19,1
2015,Viet Nam,1,0,1,0,0
2015,Vietnam,8,0,8,3,0
2015,Yemen,1,0,1,0,0
2015,Zambia,3,0,3,2,0
2015,Zimbabwe,9,0,9,0,0
2016,Afghanistan,2,2,4,0,0
2016,Albania,11,0,11,0,0
2016,Algeria,6,0,6,1,0
2016,Angola,1,0,1,0,0
2016,Argentina,34,3,37,11,0
2016,Armenia,1,0,1,0,0
2016,Australia,92,17,109,19,2
2016,Azerbaijan,6,1,7,1,0
2016,Bahrain,3,0,3,0,0
2016,Bangladesh,24,8,32,15,0
2016,Belarus,22,1,23,2,0
2016,Belize,1,0,1,0,0
2016,Benin,1,0,1,0,0
2016,Bolivia,1,0,1,0,0
2016,Bosnia and Herzegovina,5,0,5,1,1
2016,Botswana,3,2,5,1,0
2016,Brazil,536,25,561,144,10
2016,Cameroon,2,1,3,1,0
2016,Canada,124,34,158,32,3
2016,Chile,5,3,8,1,0
2016,China,284,38,322,77,10
2016,Colombia,18,3,21,2,0
2016,"Congo, The Democratic Republic of the",2,0,2,0,0
2016,Costa Rica,10,2,12,0,0
2016,Cuba,1,0,1,1,0
2016,Dominican Republic,1,0,1,0,1
2016,Ecuador,2,0,2,0,1
2016,Egypt,209,48,257,19,5
2016,El Salvador,1,0,1,0,0
2016,Eritrea,0,1,1,0,0
2016,Ethiopia,4,1,5,1,0
2016,Fiji,1,0,1,0,0
2016,Georgia,3,0,3,0,0
2016,Ghana,4,1,5,3,0
2016,Guatemala,1,0,1,0,0
2016,Guyana,1,0,1,0,0
2016,Haiti,2,0,2,0,0
2016,Hong Kong,5,0,5,0,0
2016,India,2570,420,2990,310,52
2016,Indonesia,5,1,6,1,0
2016,"Iran, Islamic Republic of",27,5,32,2,0
2016,Iraq,19,11,30,3,0
2016,Ireland,5,0,5,3,0
2016,Israel,156,43,199,6,1
2016,Ivory Coast,1,0,1,0,0
2016,Jamaica,1,0,1,2,0
2016,Japan,80,17,97,11,4
2016,Jordan,14,6,20,3,1
2016,Kazakhstan,7,2,9,1,0
2016,Kenya,10,0,10,0,0
2016,"Korea, Republic of",25,6,31,4,1
2016,Kosova,0,0,0,1,0
2016,Kuwait,2,2,4,0,0
2016,Kyrgyzstan,1,0,1,0,0
2016,Lebanon,21,8,29,2,0
2016,Libya,5,0,5,1,0
2016,"Macedonia, The Former Yugoslav Republic of",6,0,6,1,0
2016,Malawi,2,1,3,2,1
2016,Malaysia,168,74,242,70,8
2016,Maldives,2,0,2,0,0
2016,Mauritius,29,36,65,34,0
2016,Mexico,37,2,39,18,1
2016,"Moldova, Republic of",2,0,2,0,0
2016,Montenegro,0,0,0,1,0
2016,Morocco,12,2,14,3,0
2016,Myanmar,0,0,0,1,0
2016,Nepal,18,3,21,7,0
2016,New Zealand,31,14,45,9,1
2016,Nicaragua,0,0,0,1,0
2016,Nigeria,116,63,179,18,2
2016,Oman,2,0,2,0,0
2016,Pakistan,683,363,1046,92,28
2016,Palestine,6,0,6,1,0
2016,Peru,7,2,9,0,0
2016,Philippines,355,21,376,73,31
2016,Republic of China,1,0,1,0,0
2016,Republic of Serbia,4,2,6,2,0
2016,Russian Federation,159,29,188,11,2
2016,Rwanda,1,0,1,0,0
2016,Saint Kitts and Nevis,1,0,1,0,0
2016,Saudi Arabia,5,1,6,1,0
2016,Senegal,1,0,1,0,0
2016,Serbia,29,1,30,1,0
2016,Serbia and Montenegro,1,1,2,0,0
2016,Seychelles,1,0,1,0,0
2016,Singapore,22,3,25,2,0
2016,Somalia,1,0,1,0,0
2016,South Africa,177,30,207,36,7
2016,Sri Lanka,27,24,51,1,3
2016,Sudan,221,136,357,12,9
2016,Swaziland,1,0,1,0,0
2016,Syrian Arab Republic,6,7,13,1,0
2016,Taiwan,6,2,8,0,0
2016,"Tanzania, United Republic of",1,1,2,0,0
2016,Thailand,5,5,10,7,0
2016,Tibet,1,0,1,0,0
2016,Trinidad and Tobago,9,1,10,4,0
2016,Tunisia,7,0,7,1,1
2016,Turkey,142,15,157,13,1
2016,Turkmenistan,0,1,1,0,0
2016,Uganda,3,0,3,1,0
2016,Ukraine,178,16,194,78,8
2016,United Arab Emirates,1,0,1,1,0
2016,United Kingdom,2,0,2,0,0
2016,United States of America,728,107,835,105,8
2016,Uruguay,1,0,1,1,0
2016,Uzbekistan,4,0,4,0,0
2016,Venezuela,61,4,65,17,2
2016,Vietnam,11,2,13,5,0
2016,Yemen,1,0,1,0,0
2016,Zambia,2,0,2,1,0
2016,Zimbabwe,16,1,17,7,1
2017,Afghanistan,4,2,6,0,0
2017,Albania,9,0,9,2,0
2017,Algeria,6,1,7,0,0
2017,Angola,1,1,2,0,0
2017,Argentina,51,4,55,2,2
2017,Armenia,3,1,4,0,0
2017,Australia,98,8,106,26,6
2017,Azerbaijan,3,4,7,0,1
2017,Bahrain,2,0,2,0,0
2017,Bangladesh,16,8,24,18,0
2017,Belarus,17,5,22,5,0
2017,Benin,0,0,0,2,0
2017,Bermuda,0,0,0,1,0
2017,Bolivia,5,0,5,2,0
2017,Bosnia and Herzegovina,3,0,3,5,0
2017,Botswana,3,0,3,1,0
2017,Brazil,635,40,675,201,21
2017,Cameroon,8,1,9,0,0
2017,Canada,136,51,187,28,10
2017,Chile,7,3,10,2,0
2017,China,260,37,297,129,12
2017,Colombia,11,3,14,1,0
2017,"Congo, The Democratic Republic of the",0,1,1,0,0
2017,Costa Rica,7,2,9,0,0
2017,Cuba,5,1,6,0,0
2017,Dominican Republic,1,0,1,1,0
2017,Ecuador,6,0,6,1,1
2017,Egypt,269,80,349,26,7
2017,El Salvador,2,0,2,1,0
2017,Ethiopia,3,3,6,1,0
2017,Fiji,1,0,1,0,0
2017,Georgia,1,0,1,2,0
2017,Ghana,14,2,16,2,1
2017,Guatemala,1,0,1,1,0
2017,Honduras,1,0,1,0,0
2017,Hong Kong,13,1,14,7,1
2017,India,3316,511,3827,307,79
2017,Indonesia,10,0,10,4,1
2017,"Iran, Islamic Republic of",20,6,26,10,1
2017,Iraq,26,18,44,3,1
2017,Ireland,8,0,8,2,0
2017,Israel,60,67,127,10,3
2017,Ivory Coast,1,0,1,0,0
2017,Jamaica,1,0,1,0,0
2017,Japan,106,35,141,25,5
2017,Jordan,34,5,39,3,1
2017,Kazakhstan,7,1,8,2,0
2017,Kenya,19,2,21,1,0
2017,"Korea, Democratic People's Republic of",1,0,1,0,0
2017,"Korea, Republic of",35,6,41,13,3
2017,Kosova,1,0,1,0,0
2017,Kuwait,2,1,3,0,0
2017,Latvia,1,0,1,0,0
2017,Lebanon,27,4,31,2,1
2017,Lesotho,1,0,1,0,0
2017,Libya,13,8,21,1,0
2017,"Macedonia, The Former Yugoslav Republic of",5,0,5,2,0
2017,Malawi,2,0,2,3,0
2017,Malaysia,217,69,286,54,13
2017,Maldives,1,0,1,0,0
2017,Mauritius,42,24,66,16,1
2017,Mexico,44,5,49,16,0
2017,Moldova,1,0,1,1,0
2017,"Moldova, Republic of",2,0,2,0,0
2017,Montenegro,4,0,4,0,0
2017,Morocco,17,2,19,3,0
2017,Myanmar,2,1,3,0,0
2017,Nepal,29,1,30,22,1
2017,New Zealand,36,15,51,10,2
2017,Nicaragua,1,0,1,0,0
2017,Nigeria,173,64,237,31,8
2017,Oman,1,1,2,0,0
2017,Pakistan,644,364,1008,84,40
2017,Palestine,8,1,9,2,0
2017,"Palestinian Territory,Occupied",0,1,1,0,0
2017,Panama,1,0,1,0,0
2017,Paraguay,0,0,0,1,0
2017,Peru,3,0,3,0,0
2017,Philippines,752,16,768,64,12
2017,Puerto Rico,1,0,1,1,0
2017,Republic of China,1,0,1,0,0
2017,Republic of Serbia,4,1,5,0,0
2017,Russian Federation,186,27,213,18,4
2017,Saint Kitts and Nevis,1,1,2,0,0
2017,Saudi Arabia,12,0,12,1,1
2017,Senegal,1,1,2,0,0
2017,Serbia,18,1,19,10,3
2017,Serbia and Montenegro,1,0,1,0,0
2017,Seychelles,1,0,1,0,0
2017,Singapore,27,2,29,2,2
2017,Somalia,2,0,2,0,0
2017,South Africa,293,36,329,56,13
2017,Sri Lanka,36,21,57,7,3
2017,Sudan,280,189,469,7,25
2017,Swaziland,0,0,0,1,0
2017,Syrian Arab Republic,16,9,25,3,2
2017,Taiwan,15,0,15,5,0
2017,"Tanzania, United Republic of",1,1,2,0,0
2017,Thailand,10,0,10,11,0
2017,Tibet,0,0,0,1,0
2017,Trinidad and Tobago,22,3,25,2,0
2017,Tunisia,7,0,7,5,0
2017,Turkey,187,30,217,20,1
2017,Turkmenistan,1,0,1,0,0
2017,Uganda,4,0,4,0,0
2017,Ukraine,146,19,165,24,2
2017,United Arab Emirates,1,0,1,0,0
2017,United States of America,724,119,843,97,25
2017,Uruguay,2,0,2,1,0
2017,Uzbekistan,3,0,3,0,0
2017,Venezuela,43,5,48,20,2
2017,Vietnam,21,2,23,2,0
2017,Yemen,5,3,8,0,0
2017,Zambia,5,3,8,0,0
2017,Zimbabwe,48,0,48,5,2
2018,Afghanistan,2,4,6,0,0
2018,Albania,9,3,12,3,0
2018,Algeria,11,0,11,3,0
2018,Angola,2,0,2,0,0
2018,Argentina,48,7,55,6,0
2018,Armenia,13,0,13,0,1
2018,Australia,115,17,132,20,8
2018,Azerbaijan,5,0,5,0,0
2018,Bahrain,2,1,3,0,0
2018,Bangladesh,34,7,41,23,3
2018,Barbados,0,0,0,1,0
2018,Belarus,15,2,17,5,0
2018,Benin,1,0,1,0,0
2018,Bolivia,0,0,0,1,0
2018,Bosnia and Herzegovina,7,0,7,0,0
2018,Botswana,5,0,5,3,1
2018,Brazil,1290,136,1426,197,57
2018,Cameroon,5,2,7,1,0
2018,Canada,139,42,181,21,14
2018,Chile,8,1,9,3,4
2018,China,320,50,370,104,14
2018,Colombia,13,1,14,4,3
2018,"Congo, The Democratic Republic of the",0,1,1,0,0
2018,Costa Rica,8,0,8,1,0
2018,Cuba,0,2,2,0,0
2018,Dominican Republic,2,0,2,0,1
2018,Ecuador,4,1,5,1,0
2018,Egypt,264,83,347,20,25
2018,El Salvador,3,0,3,0,0
2018,Ethiopia,3,0,3,2,0
2018,Fiji,0,0,0,1,0
2018,Gambia,0,0,0,0,1
2018,Georgia,9,0,9,4,1
2018,Ghana,15,1,16,0,1
2018,Guatemala,2,0,2,0,0
2018,Haiti,1,0,1,0,0
2018,Honduras,4,1,5,0,0
2018,Hong Kong,13,1,14,5,1
2018,India,3806,507,4313,250,131
2018,Indonesia,15,1,16,1,0
2018,"Iran, Islamic Republic of",37,6,43,5,2
2018,Iraq,21,13,34,1,3
2018,Ireland,12,0,12,4,0
2018,Israel,85,9,94,4,1
2018,Ivory Coast,2,0,2,0,1
2018,Japan,106,31,137,7,5
2018,Jordan,30,9,39,1,1
2018,Kazakhstan,14,1,15,0,0
2018,Kenya,13,0,13,0,0
2018,"Korea, Republic of",31,6,37,10,1
2018,Kuwait,2,1,3,0,0
2018,Kyrgyzstan,1,0,1,1,0
2018,Lebanon,33,6,39,1,0
2018,Lesotho,1,0,1,0,0
2018,Libya,19,15,34,0,1
2018,"Macedonia, The Former Yugoslav Republic of",7,1,8,1,0
2018,Madagascar,0,0,0,1,1
2018,Malawi,6,0,6,3,0
2018,Malaysia,218,90,308,33,11
2018,Mauritius,37,20,57,23,3
2018,Mexico,53,6,59,14,2
2018,"Moldova, Republic of",4,0,4,1,0
2018,Mongolia,1,0,1,0,0
2018,Morocco,23,1,24,5,0
2018,Myanmar,5,1,6,0,0
2018,Namibia,1,0,1,0,0
2018,Nepal,50,12,62,22,1
2018,New Zealand,47,9,56,4,9
2018,Nigeria,152,71,223,22,19
2018,Oman,1,0,1,2,0
2018,Pakistan,696,330,1026,56,58
2018,Palestine,7,6,13,0,0
2018,Panama,0,0,0,1,0
2018,Peru,6,1,7,1,1
2018,Philippines,771,31,802,63,15
2018,Puerto Rico,1,0,1,0,0
2018,Republic of Serbia,1,0,1,0,0
2018,Russian Federation,186,25,211,7,4
2018,Saint Vincent and the Grenadines,1,0,1,1,0
2018,Samoa,1,0,1,0,0
2018,Saudi Arabia,17,4,21,4,1
2018,Serbia,26,2,28,4,1
2018,Seychelles,0,1,1,0,0
2018,Singapore,22,3,25,2,3
2018,South Africa,371,64,435,68,20
2018,Sri Lanka,43,18,61,4,3
2018,Sudan,309,206,515,9,24
2018,Swaziland,1,0,1,0,0
2018,Syrian Arab Republic,20,3,23,1,0
2018,Taiwan,28,1,29,2,1
2018,Thailand,24,4,28,8,5
2018,Tibet,0,0,0,0,1
2018,Trinidad and Tobago,20,4,24,1,1
2018,Tunisia,17,2,19,6,0
2018,Turkey,251,21,272,16,8
2018,Turkmenistan,1,0,1,0,0
2018,Uganda,4,0,4,0,0
2018,Ukraine,266,51,317,19,10
2018,United States of America,833,124,957,89,47
2018,Uruguay,2,0,2,1,0
2018,Uzbekistan,1,0,1,0,1
2018,Vanuatu,1,0,1,0,0
2018,Venezuela,48,10,58,10,3
2018,Vietnam,20,0,20,1,1
2018,Yemen,5,1,6,0,0
2018,Zambia,5,1,6,0,0
2018,Zimbabwe,95,1,96,28,7
2019,Afghanistan,3,3,6,0,0
2019,Albania,19,1,20,7,2
2019,Algeria,8,2,10,1,2
2019,Angola,0,1,1,0,0
2019,Argentina,58,3,61,8,2
2019,Armenia,2,1,3,0,0
2019,Australia,136,14,150,7,10
2019,Azerbaijan,5,1,6,0,0
2019,Bahamas,1,0,1,0,0
2019,Bahrain,4,0,4,0,0
2019,Bangladesh,62,8,70,21,4
2019,Barbados,1,0,1,0,0
2019,Belarus,18,1,19,3,1
2019,Bolivia,5,0,5,2,0
2019,Bosnia and Herzegovina,8,0,8,3,0
2019,Botswana,6,2,8,3,0
2019,Brazil,1400,165,1565,326,159
2019,British Indian Ocean Territory,1,0,1,0,0
2019,Brunei Darussalam,1,0,1,0,0
2019,Bulgaria,1,0,1,0,0
2019,Cambodia,1,0,1,0,0
2019,Cameroon,3,2,5,1,1
2019,Canada,204,30,234,12,6
2019,Chile,22,0,22,4,1
2019,China,614,47,661,91,18
2019,Colombia,30,0,30,1,0
2019,Congo,1,0,1,0,0
2019,"Congo, The Democratic Republic of the",4,0,4,1,0
2019,Costa Rica,22,0,22,3,1
2019,Cuba,3,2,5,0,0
2019,Cyprus,1,0,1,0,0
2019,Dominica,1,0,1,0,0
2019,Dominican Republic,14,0,14,0,0
2019,Ecuador,3,1,4,0,0
2019,Egypt,297,66,363,11,10
2019,El Salvador,5,0,5,1,0
2019,Eritrea,1,0,1,0,0
2019,Ethiopia,6,4,10,1,0
2019,Fiji,3,0,3,0,0
2019,Georgia,7,1,8,7,0
2019,Ghana,16,1,17,1,0
2019,Guatemala,2,0,2,0,0
2019,Guyana,2,0,2,0,0
2019,Haiti,3,0,3,0,0
2019,Honduras,1,1,2,0,0
2019,Hong Kong,22,8,30,3,3
2019,India,4888,485,5373,256,259
2019,Indonesia,36,2,38,5,2
2019,"Iran, Islamic Republic of",38,9,47,3,1
2019,Iraq,33,10,43,1,2
2019,Ireland,26,1,27,2,2
2019,Israel,77,10,87,1,2
2019,Jamaica,2,1,3,0,0
2019,Japan,103,33,136,5,3
2019,Jordan,38,9,47,3,1
2019,Kazakhstan,17,1,18,0,0
2019,Kenya,26,1,27,3,1
2019,"Korea, Republic of",42,10,52,3,3
2019,Kosova,83,0,83,4,1
2019,Kyrgyzstan,2,0,2,0,0
2019,Latvia,1,0,1,0,0
2019,Lebanon,37,2,39,1,0
2019,Lesotho,0,1,1,0,0
2019,Libya,20,13,33,0,1
2019,"Macedonia, The Former Yugoslav Republic of",7,2,9,0,0
2019,Malawi,8,0,8,7,1
2019,Malaysia,282,104,386,34,21
2019,Mali,1,0,1,0,0
2019,Mauritius,30,14,44,4,4
2019,Mexico,88,12,100,20,3
2019,Moldova,0,0,0,1,1
2019,"Moldova, Republic of",9,0,9,2,0
2019,Mongolia,1,0,1,0,0
2019,Montenegro,2,1,3,0,0
2019,Morocco,27,2,29,5,0
2019,Myanmar,7,1,8,1,0
2019,Namibia,5,0,5,0,0
2019,Nepal,71,10,81,17,6
2019,New Zealand,60,15,75,10,6
2019,Nicaragua,2,0,2,0,0
2019,Niger,2,0,2,0,0
2019,Nigeria,193,67,260,20,17
2019,Oman,6,0,6,1,0
2019,Pakistan,649,334,983,60,40
2019,Palestine,12,3,15,1,0
2019,Panama,3,0,3,1,1
2019,Paraguay,2,0,2,0,0
2019,Peru,6,2,8,0,0
2019,Philippines,754,29,783,53,41
2019,Republic of Serbia,2,0,2,1,0
2019,Russian Federation,248,15,263,11,10
2019,Saint Kitts and Nevis,1,0,1,0,0
2019,San Marino,1,0,1,0,0
2019,Saudi Arabia,12,4,16,1,1
2019,Senegal,2,0,2,0,0
2019,Serbia,16,4,20,2,3
2019,Singapore,29,3,32,2,1
2019,Somalia,3,2,5,0,0
2019,South Africa,566,93,659,107,34
2019,Sri Lanka,52,15,67,12,3
2019,Sudan,372,253,625,5,23
2019,Swaziland,3,0,3,0,0
2019,Syrian Arab Republic,16,3,19,1,3
2019,Taiwan,29,2,31,3,0
2019,"Tanzania, United Republic of",2,1,3,0,0
2019,Thailand,230,2,232,28,25
2019,Tibet,1,0,1,0,0
2019,Togo,1,0,1,0,0
2019,Trinidad and Tobago,19,4,23,3,1
2019,Tunisia,13,1,14,2,1
2019,Turkey,229,31,260,11,14
2019,Uganda,15,0,15,1,0
2019,Ukraine,424,55,479,39,37
2019,United States,2,0,2,0,0
2019,United States of America,886,152,1038,54,35
2019,Uruguay,13,0,13,4,0
2019,Uzbekistan,1,0,1,0,0
2019,Venezuela,46,4,50,13,8
2019,Vietnam,93,5,98,13,3
2019,Yemen,4,2,6,0,1
2019,Zambia,2,4,6,1,0
2019,Zimbabwe,107,16,123,8,6
2020,India,,,5565,189,172
2020,Brazil,,,1799,226,80
2020,Pakistan,,,978,34,38
2020,United States of America,,,871,43,42
2020,China,,,833,71,41
2020,Philippines,,,684,52,29
2020,Sudan,,,654,4,24
2020,South Africa,,,525,42,41
2020,Malaysia,,,483,27,16
2020,Ukraine,,,353,19,10
2020,Nigeria,,,300,26,23
2020,Canada,,,282,6,7
2020,Egypt,,,282,14,24
2020,Turkey,,,271,8,9
2020,Russian Federation,,,205,9,3
2020,Zimbabwe,,,165,4,9
2020,Vietnam,,,155,7,3
2020,Kosova,,,129,,2
2020,Japan,,,114,4,
2020,Australia,,,98,12,10
2020,Nepal,,,95,10,8
2020,Mexico,,,86,23,6
2020,Israel,,,83,1,3
2020,Sri Lanka,,,68,7,3
2020,Argentina,,,61,4,
2020,New Zealand,,,60,6,5
2020,Lebanon,,,52,1,1
2020,Iraq,,,51,2,3
2020,Bangladesh,,,51,9,3
2020,"Korea, Republic of",,,49,7,2
2020,Jordan,,,42,1,
2020,"Moldova, Republic of",,,41,1,1
2020,"Iran, Islamic Republic of",,,39,3,1
2020,Taiwan,,,37,6,3
2020,Venezuela,,,37,5,
2020,Hong Kong,,,36,3,3
2020,Libya,,,36,3,
2020,"Macedonia, The Former Yugoslav Republic of",,,35,,
2020,Saudi Arabia,,,35,1,1
2020,Indonesia,,,34,2,1
2020,Trinidad and Tobago,,,33,2,1
2020,Singapore,,,32,2,3
2020,Morocco,,,31,1,1
2020,Syrian Arab Republic,,,30,,1
2020,Albania,,,29,1,1
2020,Mauritius,,,29,11,
2020,Thailand,,,25,3,4
2020,Colombia,,,24,1,
2020,Belarus,,,23,1,
2020,Kenya,,,23,,
2020,Ghana,,,22,2,4
2020,Serbia,,,22,3,2
2020,Chile,,,21,3,
2020,Costa Rica,,,17,3,
2020,Kazakhstan,,,16,2,1
2020,Tunisia,,,16,,
2020,Bosnia and Herzegovina,,,15,2,
2020,Afghanistan,,,14,,1
2020,Algeria,,,13,,1
2020,Armenia,,,13,,1
2020,Palestine,,,12,,
2020,Bolivia,,,11,1,
2020,Peru,,,11,,
2020,Oman,,,9,2,
2020,Uruguay,,,8,2,
2020,Azerbaijan,,,7,,
2020,Botswana,,,7,,2
2020,Yemen,,,7,,
2020,Brunei Darussalam,,,6,,
2020,Namibia,,,6,,
2020,Zambia,,,6,,
2020,Cameroon,,,5,1,
2020,Honduras,,,5,1,
2020,Swaziland,,,5,1,
2020,Uganda,,,5,1,
2020,"Congo, The Democratic Republic of the",,,4,,1
2020,Ecuador,,,4,,
2020,Georgia,,,4,,
2020,Haiti,,,4,,
2020,Jamaica,,,4,6,2
2020,Malawi,,,4,,
2020,Myanmar,,,4,,
2020,Panama,,,4,,
2020,Senegal,,,4,3,1
2020,Cuba,,,3,,1
2020,Dominican Republic,,,3,,
2020,Ethiopia,,,3,,
2020,Somalia,,,3,,1
2020,United Arab Emirates,,,3,,
2020,Bahrain,,,2,,
2020,Barbados,,,2,1,
2020,Kosovo,,,2,1,
2020,"Tanzania, United Republic of",,,2,,
2020,Uzbekistan,,,2,,
2020,Angola,,,1,,
2020,Bahamas,,,1,,
2020,Cambodia,,,1,,1
2020,Channel Islands,,,1,1,
2020,Congo,,,1,,
2020,Dominica,,,1,,
2020,El Salvador,,,1,1,
2020,Equatorial Guinea,,,1,,
2020,Eritrea,,,1,,
2020,Gambia,,,1,,
2020,Greece,,,1,,
2020,Guatemala,,,1,,1
2020,Ivory Coast,,,1,,
2020,Kuwait,,,1,,
2020,Kyrgyzstan,,,1,,
2020,Lesotho,,,1,,
2020,Lithuania,,,1,,
2020,Mongolia,,,1,2,
2020,Montenegro,,,1,,
2020,Mozambique,,,1,,
2020,Nicaragua,,,1,,
2020,Republic of Serbia,,,1,,1
2020,Saint Kitts and Nevis,,,1,,
2020,Saint Vincent and the Grenadines,,,1,,
2020,Tajikistan,,,1,,
2020,Tibet,,,1,,
2020,Paraguay,,,,1,
2020,Qatar,,,,1,1
2020,Seychelles,,,,1,
2021,Afghanistan,,,11,,1
2021,Albania,,,22,1,
2021,Algeria,,,16,,2
2021,Angola,,,1,,
2021,Argentina,,,58,8,5
2021,Armenia,,,13,,
2021,Australia,,,71,7,4
2021,Azerbaijan,,,8,,1
2021,Bahrain,,,3,,
2021,Bangladesh,,,53,10,1
2021,Barbados,,,1,1,
2021,Belarus,,,28,,
2021,Bhutan,,,1,,
2021,Bolivia,,,6,1,2
2021,Bosnia and Herzegovina,,,4,2,2
2021,Botswana,,,6,2,
2021,Brazil,,,1098,178,73
2021,Brunei Darussalam,,,6,,1
2021,Burkina Faso,,,1,1,
2021,Burundi,,,2,,
2021,Cambodia,,,,,1
2021,Cameroon,,,4,,
2021,Canada,,,240,8,14
2021,Chile,,,25,1,
2021,China,,,642,63,22
2021,Colombia,,,28,2,1
2021,Congo,,,2,,
2021,"Congo, The Democratic Republic of the",,,1,,
2021,Costa Rica,,,16,2,
2021,Cote d'Ivoire,,,2,1,
2021,Cuba,,,2,,
2021,Dominica,,,2,,
2021,Dominican Republic,,,7,,
2021,Ecuador,,,4,,
2021,Egypt,,,248,3,15
2021,El Salvador,,,9,1,5
2021,Equatorial Guinea,,,1,,
2021,Ethiopia,,,9,,
2021,Georgia,,,7,,1
2021,Ghana,,,34,3,6
2021,Guatemala,,,4,,
2021,Guinea,,,2,,
2021,Honduras,,,4,,
2021,Hong Kong,,,27,3,1
2021,India,,,6445,210,242
2021,Indonesia,,,52,10,1
2021,"Iran, Islamic Republic of",,,45,3,2
2021,Iraq,,,46,1,2
2021,Israel,,,71,,7
2021,Jamaica,,,5,,1
2021,Japan,,,99,3,2
2021,Jordan,,,54,2,2
2021,Kazakhstan,,,14,,1
2021,Kenya,,,36,1,3
2021,"Korea, Democratic People's Republic of",,,1,,
2021,"Korea, Republic of",,,46,6,4
2021,Kosova,,,23,1,
2021,Kosovo,,,4,,
2021,Kuwait,,,3,,
2021,Kyrgyzstan,,,3,,
2021,Lebanon,,,63,2,3
2021,Lesotho,,,2,,
2021,Libya,,,20,1,2
2021,Libyan Arab Jamahiriya,,,1,,
2021,"Macedonia, The Former Yugoslav Republic of",,,5,1,
2021,Malawi,,,13,3,
2021,Malaysia,,,404,22,16
2021,Maldives,,,1,,
2021,Mali,,,1,,
2021,Mauritius,,,34,4,4
2021,Mexico,,,131,16,6
2021,"Moldova, Republic of",,,46,2,
2021,Mongolia,,,3,1,
2021,Montenegro,,,1,,
2021,Morocco,,,40,1,1
2021,Myanmar,,,4,,
2021,Namibia,,,1,2,
2021,Nepal,,,95,7,1
2021,New Zealand,,,51,2,2
2021,Nicaragua,,,1,,
2021,Nigeria,,,351,38,20
2021,Oman,,,15,,
2021,Pakistan,,,1026,30,42
2021,Palestine,,,19,,2
2021,Panama,,,2,,
2021,Paraguay,,,1,,
2021,Peru,,,9,,
2021,Philippines,,,734,57,22
2021,Qatar,,,1,,
2021,Russian Federation,,,191,3,4
2021,Saint Kitts and Nevis,,,1,,
2021,Samoa,,,1,,
2021,Saudi Arabia,,,32,,2
2021,Senegal,,,1,,
2021,Serbia,,,19,2,
2021,Sierra Leone,,,,2,
2021,Singapore,,,37,3,
2021,Somalia,,,3,,1
2021,South Africa,,,616,71,44
2021,Sri Lanka,,,86,17,7
2021,Sudan,,,652,5,33
2021,Swaziland,,,4,,
2021,Syrian Arab Republic,,,14,1,
2021,Taiwan,,,40,1,4
2021,Tajikistan,,,2,,1
2021,"Tanzania, United Republic of",,,9,1,1
2021,Thailand,,,115,8,9
2021,Togo,,,1,,
2021,Tonga,,,1,,
2021,Trinidad and Tobago,,,35,1,1
2021,Tunisia,,,39,5,
2021,Turkey,,,236,13,16
2021,Uganda,,,14,4,
2021,Ukraine,,,294,31,8
2021,United Arab Emirates,,,4,,
2021,United Kingdom,,,1,,
2021,United States of America,,,693,29,45
2021,Uruguay,,,5,1,
2021,Uzbekistan,,,4,,
2021,Vanuatu,,,6,,
2021,Venezuela,,,34,3,1
2021,Vietnam,,,101,15,
2021,Yemen,,,5,,
2021,Zambia,,,8,,
2021,Zimbabwe,,,220,17,13
2022,Afghanistan,,,48,,
2022,Albania,,,37,23,6
2022,Algeria,,,35,1,3
2022,Angola,,,2,,
2022,Argentina,,,120,31,7
2022,Armenia,,,22,,
2022,Australia,,,95,9,5
2022,Azerbaijan,,,17,1,
2022,Bahamas,,,1,,
2022,Bahrain,,,6,,1
2022,Bangladesh,,,157,50,5
2022,Barbados,,,2,,
2022,Belarus,,,83,9,4
2022,Belize,,,1,4,
2022,Benin,,,1,,
2022,Bhutan,,,,1,
2022,Bolivia,,,34,5,1
2022,Bosnia and Herzegovina,,,40,3,2
2022,Botswana,,,33,5,4
2022,Brazil,,,4304,451,365
2022,Brunei Darussalam,,,7,,2
2022,Bulgaria,,,1,,
2022,Burkina Faso,,,1,,
2022,Cambodia,,,72,,
2022,Cameroon,,,35,21,4
2022,Canada,,,285,19,21
2022,Central African Republic,,,1,,
2022,Chad,,,1,,
2022,Chile,,,77,17,3
2022,China,,,1497,127,33
2022,Colombia,,,100,3,
2022,"Congo, The Democratic Republic of the",,,7,1,
2022,Costa Rica,,,41,2,1
2022,Cote d'Ivoire,,,2,1,
2022,Cuba,,,5,3,
2022,Djibouti,,,1,,
2022,Dominica,,,5,,
2022,Dominican Republic,,,7,,1
2022,Ecuador,,,7,1,
2022,Egypt,,,419,6,15
2022,El Salvador,,,23,5,
2022,Equatorial Guinea,,,3,,
2022,Eritrea,,,1,,
2022,Ethiopia,,,10,1,1
2022,Fiji,,,3,3,
2022,Gambia,,,2,,
2022,Georgia,,,16,4,1
2022,Ghana,,,138,18,
2022,Grenada,,,2,,
2022,Guatemala,,,9,2,
2022,Guinea,,,2,,
2022,Guyana,,,,2,
2022,Haiti,,,2,2,
2022,Honduras,,,20,4,1
2022,Hong Kong,,,40,4,2
2022,India,,,15695,1116,400
2022,Indonesia,,,74,5,10
2022,"Iran, Islamic Republic of",,,115,9,5
2022,Iraq,,,45,3,2
2022,Israel,,,375,7,8
2022,Ivory Coast,,,4,,
2022,Jamaica,,,5,1,
2022,Japan,,,279,12,2
2022,Jordan,,,74,3,2
2022,Kazakhstan,,,45,2,3
2022,Kenya,,,128,8,6
2022,"Korea, Democratic People's Republic of",,,1,,
2022,"Korea, Republic of",,,147,5,2
2022,Kosova,,,47,5,1
2022,Kosovo,,,11,,
2022,Kuwait,,,2,,
2022,Kyrgyzstan,,,17,1,
2022,Lao People's Democratic Republic,,,2,,
2022,Latvia,,,1,,
2022,Lebanon,,,126,8,5
2022,Lesotho,,,6,,
2022,Libya,,,19,,1
2022,Macao,,,1,,
2022,"Macedonia, The Former Yugoslav Republic of",,,12,1,1
2022,Malawi,,,31,6,3
2022,Malaysia,,,726,60,33
2022,Maldives,,,2,,
2022,Mali,,,2,,
2022,Malta,,,1,,
2022,Mauritius,,,54,9,2
2022,Mexico,,,317,52,11
2022,"Moldova, Republic of",,,86,9,2
2022,Mongolia,,,11,11,
2022,Montenegro,,,,2,
2022,Morocco,,,99,8,2
2022,Myanmar,,,5,5,
2022,Namibia,,,6,,
2022,Nepal,,,262,36,10
2022,New Zealand,,,57,6,3
2022,Nicaragua,,,7,,
2022,Niger,,,1,,
2022,Nigeria,,,1121,167,56
2022,North Macedonia,,,3,2,
2022,Oman,,,22,,4
2022,Pakistan,,,1757,128,101
2022,Palestine,,,24,2,
2022,Panama,,,11,1,
2022,Papua New Guinea,,,1,,
2022,Paraguay,,,10,1,
2022,Peru,,,25,1,2
2022,Philippines,,,2203,300,98
2022,Qatar,,,1,,
2022,Republic of China,,,1,,
2022,Republic of Serbia,,,1,,
2022,Russian Federation,,,727,12,10
2022,Rwanda,,,1,,
2022,Saint Kitts and Nevis,,,2,1,
2022,Saint Lucia,,,,2,
2022,Saudi Arabia,,,38,,4
2022,Senegal,,,10,1,
2022,Serbia,,,44,4,
2022,Seychelles,,,,1,
2022,Sierra Leone,,,1,,
2022,Singapore,,,52,4,2
2022,Somalia,,,6,,
2022,South Africa,,,1317,195,80
2022,Sri Lanka,,,423,51,8
2022,Sudan,,,607,14,44
2022,Swaziland,,,4,,
2022,Syrian Arab Republic,,,23,2,2
2022,Taiwan,,,130,4,2
2022,Tajikistan,,,4,,
2022,"Tanzania, United Republic of",,,19,3,
2022,Thailand,,,504,84,8
2022,Tibet,,,1,,
2022,Togo,,,3,,
2022,Tonga,,,2,,
2022,Trinidad and Tobago,,,22,3,4
2022,Tunisia,,,94,5,1
2022,Turkey,,,637,53,17
2022,Uganda,,,54,23,3
2022,Ukraine,,,593,42,46
2022,United Arab Emirates,,,3,,
2022,United Kingdom,,,1,,
2022,United States of America,,,1216,65,45
2022,Uruguay,,,11,2,1
2022,Uzbekistan,,,5,,
2022,Vanuatu,,,4,,
2022,Venezuela,,,46,6,3
2022,Vietnam,,,779,18,16
2022,Yemen,,,4,,
2022,Zambia,,,25,2,2
2022,Zimbabwe,,,585,48,144
2023,Afghanistan,,,11,3,1
2023,Albania,,,30,5,1
2023,Algeria,,,17,3,
2023,Angola,,,1,,
2023,Argentina,,,82,11,1
2023,Armenia,,,6,,
2023,Australia,,,114,7,3
2023,Azerbaijan,,,4,,
2023,Bahamas,,,2,1,
2023,Bahrain,,,2,,
2023,Bangladesh,,,158,11,5
2023,Barbados,,,3,,
2023,Belarus,,,39,,
2023,Belize,,,9,3,
2023,Bolivia,,,67,6,
2023,Bosnia and Herzegovina,,,9,,
2023,Botswana,,,54,5,1
2023,Brazil,,,2632,253,40
2023,Brunei Darussalam,,,11,,1
2023,Burkina Faso,,,1,,
2023,Burundi,,,1,,
2023,Cambodia,,,1,1,
2023,Cameroon,,,51,,
2023,Canada,,,226,9,10
2023,Cayman Islands,,,1,,
2023,Chile,,,100,17,2
2023,China,,,1488,61,11
2023,Colombia,,,76,3,
2023,Congo,,,6,1,
2023,"Congo, The Democratic Republic of the",,,12,,
2023,Costa Rica,,,42,2,1
2023,Cote d'Ivoire,,,1,,
2023,Cuba,,,2,,
2023,Dominica,,,1,,
2023,Dominican Republic,,,4,,
2023,Ecuador,,,15,,
2023,Egypt,,,234,2,2
2023,El Salvador,,,26,4,
2023,Eritrea,,,,1,
2023,Ethiopia,,,7,,
2023,Fiji,,,3,,
2023,Gabon,,,1,1,
2023,Gambia,,,6,,
2023,Georgia,,,11,1,
2023,Ghana,,,264,10,2
2023,Grenada,,,1,,
2023,Guatemala,,,7,1,
2023,Guinea,,,1,,
2023,Guyana,,,2,,
2023,Honduras,,,27,3,
2023,Hong Kong,,,39,2,
2023,India,,,11893,390,194
2023,Indonesia,,,66,2,1
2023,"Iran, Islamic Republic of",,,85,3,
2023,Iraq,,,12,1,2
2023,Israel,,,269,4,16
2023,Jamaica,,,3,7,
2023,Japan,,,235,7,2
2023,Jordan,,,57,,3
2023,Kazakhstan,,,21,1,1
2023,Kenya,,,120,6,3
2023,"Korea, Democratic People's Republic of",,,1,,
2023,"Korea, Republic of",,,106,4,1
2023,Kosova,,,7,1,1
2023,Kosovo,,,7,2,
2023,Kuwait,,,6,,
2023,Kyrgyzstan,,,10,,1
2023,Lao People's Democratic Republic,,,,,1
2023,Lebanon,,,63,2,3
2023,Lesotho,,,14,,
2023,Libya,,,12,,1
2023,Macao,,,1,,
2023,"Macedonia, The Former Yugoslav Republic of",,,3,,
2023,Madagascar,,,1,,
2023,Malawi,,,15,1,
2023,Malaysia,,,598,30,9
2023,Maldives,,,1,,
2023,Malta,,,1,,
2023,Mauritius,,,44,8,1
2023,Mexico,,,332,41,5
2023,"Moldova, Republic of",,,28,1,1
2023,Mongolia,,,53,7,
2023,Montenegro,,,3,,1
2023,Morocco,,,83,6,2
2023,Mozambique,,,1,,
2023,Myanmar,,,16,,
2023,Namibia,,,2,,
2023,Nepal,,,228,14,8
2023,New Zealand,,,52,4,
2023,Nicaragua,,,3,2,
2023,Nigeria,,,1005,83,19
2023,North Macedonia,,,5,1,
2023,Oman,,,18,,1
2023,Pakistan,,,1533,93,48
2023,Palestine,,,14,,
2023,Panama,,,8,2,
2023,Paraguay,,,14,,1
2023,Peru,,,10,,
2023,Philippines,,,2634,85,36
2023,Republic of Serbia,,,2,,
2023,Russian Federation,,,224,8,2
2023,Rwanda,,,3,,
2023,Saint Kitts and Nevis,,,2,,
2023,Saudi Arabia,,,30,1,1
2023,Senegal,,,3,1,
2023,Serbia,,,16,2,
2023,Seychelles,,,3,2,
2023,Sierra Leone,,,1,,
2023,Singapore,,,74,2,3
2023,Somalia,,,1,,
2023,South Africa,,,1346,91,53
2023,Sri Lanka,,,468,37,14
2023,Sudan,,,303,9,38
2023,Swaziland,,,9,,
2023,Syrian Arab Republic,,,23,,2
2023,Taiwan,,,118,7,4
2023,"Tanzania, United Republic of",,,15,3,1
2023,Thailand,,,216,39,10
2023,Tibet,,,1,,
2023,Togo,,,2,,
2023,Trinidad and Tobago,,,18,,1
2023,Tunisia,,,47,2,
2023,Türkiye,,,429,29,5
2023,Turkmenistan,,,1,,
2023,Uganda,,,40,,1
2023,Ukraine,,,166,6,3
2023,United Arab Emirates,,,3,1,
2023,United States of America,,,1020,33,11
2023,Uruguay,,,15,7,
2023,Uzbekistan,,,9,,
2023,Vanuatu,,,5,,
2023,Venezuela,,,33,1,
2023,Vietnam,,,130,18,38
2023,Zambia,,,25,3,2
2023,Zimbabwe,,,579,38,9
2024,Afghanistan,,,16,,1
2024,Albania,,,38,5,
2024,Algeria,,,35,6,
2024,Angola,,,3,,
2024,Antigua and Barbuda,,,2,,
2024,Argentina,,,123,16,6
2024,Armenia,,,12,1,1
2024,Australia,,,141,3,9
2024,Azerbaijan,,,7,,1
2024,Bahamas,,,,1,
2024,Bahrain,,,5,,1
2024,Bangladesh,,,210,35,6
2024,Barbados,,,1,,
2024,Belarus,,,33,3,
2024,Belize,,,1,,
2024,Bolivia,,,94,18,2
2024,Bosnia and Herzegovina,,,12,5,1
2024,Botswana,,,118,9,1
2024,Bouvet Island,,,1,,
2024,Brazil,,,4553,618,108
2024,Brunei Darussalam,,,9,,1
2024,Burkina Faso,,,1,,
2024,Burundi,,,1,,
2024,Cambodia,,,33,,
2024,Cameroon,,,26,2,
2024,Canada,,,248,11,9
2024,Chile,,,159,27,4
2024,China,,,1962,91,34
2024,Colombia,,,107,4,5
2024,Comoros,,,1,,
2024,Congo,,,10,,
2024,"Congo, The Democratic Republic of the",,,9,,1
2024,Costa Rica,,,52,8,1
2024,Cote d'Ivoire,,,3,,
2024,Cuba,,,5,,
2024,Dominica,,,1,,
2024,Dominican Republic,,,5,1,
2024,Ecuador,,,12,,
2024,Egypt,,,314,11,5
2024,El Salvador,,,44,7,2
2024,Equatorial Guinea,,,1,,
2024,Eritrea,,,1,,
2024,Ethiopia,,,14,1,
2024,Fiji,,,2,,
2024,Gabon,,,1,,
2024,Gambia,,,3,,
2024,Georgia,,,15,4,
2024,Ghana,,,352,19,6
2024,Grenada,,,2,,
2024,Guatemala,,,11,1,
2024,Guinea,,,3,,
2024,Guyana,,,14,4,
2024,Haiti,,,1,,
2024,Honduras,,,27,5,
2024,Hong Kong,,,31,3,
2024,India,,,13566,493,340
2024,Indonesia,,,91,9,4
2024,"Iran, Islamic Republic of",,,103,4,3
2024,Iraq,,,14,,
2024,Ireland,,,,,1
2024,Israel,,,321,,7
2024,Ivory Coast,,,1,,
2024,Jamaica,,,6,,
2024,Japan,,,199,3,6
2024,Jordan,,,50,2,4
2024,Kazakhstan,,,27,2,
2024,Kenya,,,198,12,2
2024,"Korea, Democratic People's Republic of",,,1,,1
2024,"Korea, Republic of",,,169,2,2
2024,Kosova,,,8,4,1
2024,Kosovo,,,17,8,
2024,Kuwait,,,3,1,
2024,Kyrgyzstan,,,9,1,1
2024,Lao People's Democratic Republic,,,1,,
2024,Latvia,,,1,,
2024,Lebanon,,,65,3,1
2024,Lesotho,,,12,1,1
2024,Libya,,,9,,2
2024,"Macedonia, The Former Yugoslav Republic of",,,6,,
2024,Malawi,,,33,,1
2024,Malaysia,,,662,31,20
2024,Maldives,,,1,,
2024,Mali,,,2,,
2024,Mauritius,,,38,4,3
2024,Mexico,,,427,50,8
2024,"Moldova, Republic of",,,37,4,3
2024,Mongolia,,,72,9,
2024,Morocco,,,88,6,2
2024,Mozambique,,,5,,
2024,Myanmar,,,15,,2
2024,Namibia,,,10,,
2024,Nepal,,,357,34,6
2024,New Zealand,,,90,8,2
2024,Nicaragua,,,3,1,
2024,Nigeria,,,974,95,34
2024,North Macedonia,,,7,,1
2024,Oman,,,16,1,
2024,Pakistan,,,1742,115,82
2024,Palestine,,,28,,
2024,Panama,,,14,4,
2024,Paraguay,,,24,2,
2024,Peru,,,20,1,1
2024,Philippines,,,4049,167,71
2024,Russian Federation,,,362,7,10
2024,Rwanda,,,4,,
2024,Saint Kitts and Nevis,,,2,,
2024,Saudi Arabia,,,19,2,2
2024,Senegal,,,4,,
2024,Serbia,,,24,1,1
2024,Seychelles,,,3,1,
2024,Sierra Leone,,,5,,
2024,Singapore,,,71,2,2
2024,Somalia,,,4,,
2024,South Africa,,,1631,133,53
2024,Sri Lanka,,,633,38,23
2024,Sudan,,,332,8,38
2024,Swaziland,,,10,1,
2024,Syrian Arab Republic,,,18,2,2
2024,Taiwan,,,139,5,4
2024,"Tanzania, United Republic of",,,25,,2
2024,Thailand,,,472,39,3
2024,Tibet,,,1,,
2024,Togo,,,1,,
2024,Trinidad and Tobago,,,20,,1
2024,Tunisia,,,61,1,
2024,Türkiye,,,430,26,9
2024,Turkmenistan,,,2,,
2024,Turks and Caicos Islands,,,1,1,
2024,Uganda,,,72,4,
2024,Ukraine,,,141,19,8
2024,United Arab Emirates,,,2,,
2024,United States of America,,,1119,52,38
2024,Uruguay,,,20,5,
2024,Uzbekistan,,,4,,
2024,Vanuatu,,,12,1,
2024,Venezuela,,,23,1,2
2024,Vietnam,,,252,17,13
2024,Yemen,,,4,,
2024,Zambia,,,20,,
2024,Zimbabwe,,,971,94,36
2025,No Country Entered,,,,2,
2025,Afghanistan,,,6,5,
2025,Albania,,,21,8,
2025,Algeria,,,29,8,
2025,Angola,,,1,,
2025,Argentina,,,98,21,
2025,Armenia,,,4,,
2025,Australia,,,120,9,
2025,Azerbaijan,,,5,,
2025,Bahamas,,,2,1,
2025,Bahrain,,,6,,
2025,Bangladesh,,,203,37,
2025,Belarus,,,18,2,
2025,Belize,,,2,,
2025,Benin,,,1,,
2025,Bhutan,,,,1,
2025,Bolivia,,,136,27,
2025,Bosnia and Herzegovina,,,2,,
2025,Botswana,,,130,29,
2025,Brazil,,,3381,522,
2025,Brunei Darussalam,,,3,,
2025,Burundi,,,1,,
2025,Cambodia,,,1,,
2025,Cameroon,,,20,7,
2025,Canada,,,232,19,
2025,Chad,,,1,,
2025,Chile,,,185,36,
2025,China,,,1922,215,
2025,Colombia,,,121,15,
2025,Congo,,,2,,
2025,"Congo, The Democratic Republic of the",,,10,,
2025,Costa Rica,,,77,9,
2025,Cuba,,,9,,
2025,Dominica,,,2,,
2025,Dominican Republic,,,1,,
2025,Ecuador,,,8,2,
2025,Egypt,,,206,20,
2025,El Salvador,,,37,1,
2025,Eritrea,,,2,,
2025,Ethiopia,,,13,,
2025,Fiji,,,2,,
2025,Gambia,,,,2,
2025,Georgia,,,24,8,
2025,Ghana,,,153,29,
2025,Grenada,,,4,1,
2025,Guatemala,,,19,3,
2025,Guinea,,,1,,
2025,Guyana,,,2,,
2025,Honduras,,,23,3,
2025,Hong Kong,,,22,,
2025,India,,,9947,807,
2025,Indonesia,,,43,11,
2025,"Iran, Islamic Republic of",,,87,1,
2025,Iraq,,,12,,
2025,Ireland,,,6,1,
2025,Israel,,,156,6,
2025,Ivory Coast,,,1,,
2025,Jamaica,,,4,,
2025,Japan,,,123,5,
2025,Jordan,,,43,1,
2025,Kazakhstan,,,31,,
2025,Kenya,,,172,21,
2025,"Korea, Republic of",,,87,7,
2025,Kosova,,,27,6,
2025,Kuwait,,,3,,
2025,Kyrgyzstan,,,19,,
2025,Lebanon,,,44,1,
2025,Lesotho,,,9,3,
2025,Libya,,,5,1,
2025,Macao,,,2,,
2025,"Macedonia, The Former Yugoslav Republic of",,,4,,
2025,Malawi,,,22,1,
2025,Malaysia,,,503,45,
2025,Maldives,,,2,,
2025,Mauritius,,,25,1,
2025,Mexico,,,392,61,
2025,"Moldova, Republic of",,,22,7,
2025,Mongolia,,,110,25,
2025,Morocco,,,90,12,
2025,Mozambique,,,5,,
2025,Myanmar,,,20,1,
2025,Namibia,,,6,1,
2025,Nepal,,,425,58,
2025,New Zealand,,,75,12,
2025,Nicaragua,,,8,2,
2025,Nigeria,,,726,156,
2025,Oman,,,10,,
2025,Pakistan,,,1453,186,
2025,Palestine,,,25,2,
2025,Panama,,,21,4,
2025,Paraguay,,,23,2,
2025,Peru,,,20,,
2025,Philippines,,,3398,335,
2025,Puerto Rico,,,1,,
2025,Republic of Serbia,,,4,,
2025,Russian Federation,,,139,10,
2025,Rwanda,,,4,,
2025,Saint Kitts and Nevis,,,12,1,
2025,Saudi Arabia,,,11,,
2025,Senegal,,,3,,
2025,Serbia,,,16,1,
2025,Serbia and Montenegro,,,1,,
2025,Seychelles,,,7,1,
2025,Sierra Leone,,,3,1,
2025,Singapore,,,35,4,
2025,Somalia,,,1,,
2025,South Africa,,,1240,209,
2025,Sri Lanka,,,631,68,
2025,Sudan,,,185,3,
2025,Swaziland,,,6,1,
2025,Syrian Arab Republic,,,14,1,
2025,Taiwan,,,83,2,
2025,Tajikistan,,,11,,
2025,"Tanzania, United Republic of",,,17,,
2025,Thailand,,,434,26,
2025,Tibet,,,1,,
2025,Togo,,,1,,
2025,Trinidad and Tobago,,,21,,
2025,Tunisia,,,38,5,
2025,Türkiye,,,332,21,
2025,Turkmenistan,,,1,,
2025,Turks and Caicos Islands,,,1,,
2025,Uganda,,,68,7,
2025,Ukraine,,,185,6,
2025,United Arab Emirates,,,1,,
2025,United Kingdom,,,1,1,
2025,United States of America,,,1039,80,
2025,Uruguay,,,14,7,
2025,Uzbekistan,,,23,,
2025,Vanuatu,,,3,1,
2025,Venezuela,,,20,2,
2025,Vietnam,,,110,9,
2025,Yemen,,,5,,
2025,Zambia,,,17,3,
2025,Zimbabwe,,,831,138,
2026,Afghanistan,,,3,,
2026,Albania,,,12,2,
2026,Algeria,,,15,1,
2026,Angola,,,1,,
2026,Argentina,,,54,12,
2026,Armenia,,,3,,
2026,Australia,,,57,3,
2026,Azerbaijan,,,7,,
2026,Bangladesh,,,108,22,
2026,Belarus,,,4,,
2026,Belize,,,1,1,
2026,Bolivia,,,44,7,
2026,Bosnia and Herzegovina,,,3,,
2026,Botswana,,,56,18,
2026,Brazil,,,1898,315,
2026,Cambodia,,,3,,
2026,Cameroon,,,10,3,
2026,Canada,,,68,7,
2026,Chile,,,97,13,
2026,China,,,909,126,
2026,Colombia,,,49,2,
2026,Congo,,,1,,
2026,"Congo, The Democratic Republic of the",,,2,,
2026,Costa Rica,,,17,3,
2026,Cote d'Ivoire,,,1,,
2026,Cuba,,,1,,
2026,Dominica,,,1,,
2026,Ecuador,,,4,1,
2026,Egypt,,,97,5,
2026,El Salvador,,,27,3,
2026,Eritrea,,,1,,
2026,Ethiopia,,,3,3,
2026,Georgia,,,13,2,
2026,Ghana,,,84,21,
2026,Guatemala,,,9,1,
2026,Guinea,,,1,,
2026,Guyana,,,3,,
2026,Honduras,,,7,2,
2026,Hong Kong,,,2,,
2026,India,,,4603,414,
2026,Indonesia,,,17,14,
2026,"Iran, Islamic Republic of",,,34,2,
2026,Iraq,,,6,2,
2026,Israel,,,76,,
2026,Jamaica,,,1,,
2026,Japan,,,79,,
2026,Jordan,,,16,5,
2026,Kazakhstan,,,10,,
2026,Kenya,,,79,21,
2026,"Korea, Republic of",,,34,3,
2026,Kosova,,,4,3,
2026,Kyrgyzstan,,,14,,
2026,Lebanon,,,17,,
2026,Lesotho,,,7,1,
2026,Liberia,,,1,,
2026,Libya,,,3,1,
2026,"Macedonia, The Former Yugoslav Republic of",,,3,,
2026,Malawi,,,8,1,
2026,Malaysia,,,215,15,
2026,Mauritius,,,17,3,
2026,Mexico,,,200,26,
2026,"Moldova, Republic of",,,7,,
2026,Mongolia,,,48,18,
2026,Morocco,,,32,4,
2026,Myanmar,,,9,,
2026,Namibia,,,2,,
2026,Nepal,,,251,37,
2026,New Zealand,,,35,7,
2026,Nicaragua,,,3,,
2026,Nigeria,,,364,51,
2026,Pakistan,,,745,87,
2026,Palestine,,,14,,
2026,Panama,,,13,2,
2026,Papua New Guinea,,,1,,
2026,Paraguay,,,9,2,
2026,Peru,,,10,1,
2026,Philippines,,,2347,233,
2026,Poland,,,1,,
2026,Republic of Serbia,,,2,,
2026,Russian Federation,,,45,3,
2026,Rwanda,,,3,2,
2026,Saint Kitts and Nevis,,,6,,
2026,Saint Lucia,,,5,1,
2026,Saudi Arabia,,,3,1,
2026,Senegal,,,1,1,
2026,Serbia,,,4,,
2026,Serbia and Montenegro,,,1,,
2026,Seychelles,,,1,,
2026,Sierra Leone,,,2,,
2026,Singapore,,,11,,
2026,Somalia,,,1,,
2026,South Africa,,,613,78,
2026,Sri Lanka,,,380,33,
2026,Sudan,,,84,,
2026,Swaziland,,,5,1,
2026,Syrian Arab Republic,,,10,1,
2026,Taiwan,,,47,5,
2026,Tajikistan,,,2,1,
2026,"Tanzania, United Republic of",,,1,2,
2026,Thailand,,,56,9,
2026,Togo,,,1,,
2026,Trinidad and Tobago,,,5,,
2026,Tunisia,,,13,1,
2026,Türkiye,,,111,5,
2026,Turkmenistan,,,1,,
2026,Uganda,,,26,6,
2026,Ukraine,,,84,2,
2026,United Kingdom,,,1,,
2026,United States of America,,,475,19,
2026,Uruguay,,,5,,
2026,Uzbekistan,,,8,1,
2026,Venezuela,,,8,,
2026,Vietnam,,,52,9,
2026,Zambia,,,5,1,
2026,Zimbabwe,,,446,74,
